"","residue","15N","1H","intensity","titrant","visible"
"1",68,121.823,8.057,2133709,0,200
"2",69,125.456,8.542,1425158,0,200
"3",70,126.291,8.444,2695248,0,200
"4",71,124.209,8.308,1237017,0,200
"5",72,123.055,8.426,2921438,0,200
"6",73,116.804,8.233,1991509,0,200
"7",74,119.929,7.607,3588849,0,200
"8",75,124.254,8.74,2691225,0,200
"9",76,120.834,7.907,4528881,0,200
"10",77,123.819,8.354,3302724,0,200
"11",78,122.23,8.205,3341718,0,200
"12",79,124.153,9.154,3425416,0,200
"13",80,125.727,8.43,2107192,0,200
"14",81,121.552,7.745,3736883,0,200
"15",83,115.733,7.836,1513844,0,200
"16",84,118.504,8.128,2914001,0,200
"17",85,122.108,9.342,3053345,0,200
"18",87,113.994,8.495,3788230,0,200
"19",88,121.837,8.007,3293774,0,200
"20",89,121.483,7.091,4763896,0,200
"21",90,122.902,8.695,3521758,0,200
"22",91,126.253,8.521,4075364,0,200
"23",92,129.305,9.281,4923010,0,200
"24",93,126.254,8.632,5464191,0,200
"25",94,132.087,8.741,5636708,0,200
"26",95,114.61,8.514,3299058,0,200
"27",96,123.061,8.208,4137302,0,200
"28",97,118.252,7.555,4896322,0,200
"29",98,123.886,8.951,4243055,0,200
"30",99,127.781,9.454,2838330,0,200
"31",100,124.719,9.315,2979773,0,200
"32",101,128.569,8.891,3229022,0,200
"33",102,114.098,7.029,1946017,0,200
"34",103,124.261,7.918,2911416,0,200
"35",104,124.487,9.168,2236435,0,200
"36",105,123.927,8.988,3202688,0,200
"37",106,122.559,8.768,2370221,0,200
"38",107,126.228,8.858,2487568,0,200
"39",108,123.418,8.673,4215176,0,200
"40",109,129.188,8.868,2913498,0,200
"41",110,117.222,8.967,993354,0,200
"42",111,117.036,7.755,2023890,0,200
"43",112,108.822,7.39,3719000,0,200
"44",113,123.137,8.63,3507530,0,200
"45",114,122.113,9.366,3113670,0,200
"46",115,123.301,8.815,2514634,0,200
"47",116,117.084,6.054,855804,0,200
"48",117,120.936,8.904,2290262,0,200
"49",118,123.746,9.139,2004165,0,200
"50",119,120.099,8.321,1345736,0,200
"51",120,129.698,9.515,1866611,0,200
"52",121,124.854,8.795,4812931,0,200
"53",122,122.808,9.324,2019132,0,200
"54",123,123.802,8.797,4639204,0,200
"55",124,127.499,8.311,2296995,0,200
"56",126,122.439,8.328,2902432,0,200
"57",127,114.085,8.055,5022798,0,200
"58",128,121.011,7.359,6694186,0,200
"59",129,128.555,8.649,4353792,0,200
"60",131,116.089,8.244,5044554,0,200
"61",132,108.063,7.916,3212466,0,200
"62",133,123.02,6.823,3607772,0,200
"63",134,121.199,9.061,4090437,0,200
"64",135,114.307,8.311,4627552,0,200
"65",136,115.639,8.72,4697266,0,200
"66",137,127.546,8.482,1802466,0,200
"67",138,123.324,8.809,2337230,0,200
"68",140,118.719,7.974,1836066,0,200
"69",141,108.865,7.757,5100280,0,200
"70",142,119.181,7.454,4437586,0,200
"71",143,135.307,9.324,2503858,0,200
"72",144,124.915,9.174,2692697,0,200
"73",145,128.563,8.674,4869410,0,200
"74",146,123.319,8.924,3792526,0,200
"75",147,107.533,8.454,2559167,0,200
"76",149,120.758,7.933,3705088,0,200
"77",150,124.645,8.755,3303018,0,200
"78",151,124.075,8.48,3606685,0,200
"79",152,126.728,7.737,21997454,0,200
"80",68,121.823,8.057,2237977,10,200
"81",69,125.514,8.551,1158180,10,200
"82",70,126.291,8.444,2393932,10,200
"83",71,124.19,8.321,1336602,10,200
"84",72,123.055,8.426,2289750,10,200
"85",73,116.804,8.233,2031173,10,200
"86",74,119.929,7.607,3404916,10,200
"87",75,124.254,8.74,2011970,10,200
"88",76,120.834,7.907,4320076,10,200
"89",77,123.819,8.354,3437242,10,200
"90",78,122.23,8.205,2718727,10,200
"91",79,124.153,9.154,3266999,10,200
"92",80,125.727,8.43,2123034,10,200
"93",81,121.552,7.745,3217360,10,200
"94",83,115.733,7.836,1819666,10,200
"95",84,118.504,8.128,2747704,10,200
"96",85,122.108,9.342,2445655,10,200
"97",87,113.979,8.495,3660122,10,200
"98",88,121.837,8.007,2957278,10,200
"99",89,121.483,7.091,4389222,10,200
"100",90,122.902,8.695,2621785,10,200
"101",91,126.253,8.521,3496872,10,200
"102",92,129.305,9.281,3217932,10,200
"103",93,126.254,8.632,3491319,10,200
"104",94,132.087,8.741,4524874,10,200
"105",95,114.62,8.515,2369082,10,200
"106",96,123.061,8.208,3233123,10,200
"107",97,118.252,7.555,4420082,10,200
"108",98,123.886,8.951,3499638,10,200
"109",99,127.781,9.454,2556036,10,200
"110",100,124.727,9.329,2130964,10,200
"111",101,128.569,8.891,2382926,10,200
"112",102,114.098,7.029,1874264,10,200
"113",103,124.261,7.918,3067488,10,200
"114",104,124.487,9.168,2498174,10,200
"115",105,123.927,8.988,3141714,10,200
"116",106,122.559,8.768,2622957,10,200
"117",107,126.228,8.858,2319978,10,200
"118",108,123.418,8.673,4117574,10,200
"119",109,129.188,8.868,2387750,10,200
"120",110,117.217,8.978,988154,10,200
"121",111,117.036,7.755,2183567,10,200
"122",112,108.822,7.39,3488559,10,200
"123",113,123.137,8.63,3064481,10,200
"124",114,122.113,9.366,2726343,10,200
"125",115,123.301,8.815,2410448,10,200
"126",116,117.084,6.054,738905,10,200
"127",117,120.936,8.904,2499578,10,200
"128",118,123.746,9.139,1992330,10,200
"129",119,120.099,8.321,1428528,10,200
"130",120,129.698,9.515,1572891,10,200
"131",121,124.854,8.795,4540076,10,200
"132",122,122.808,9.324,1684355,10,200
"133",123,123.802,8.797,4604918,10,200
"134",124,127.499,8.311,2043591,10,200
"135",126,122.439,8.328,2820479,10,200
"136",127,114.085,8.055,4407330,10,200
"137",128,121.011,7.359,5955082,10,200
"138",129,128.555,8.649,3877859,10,200
"139",131,116.089,8.244,3678880,10,200
"140",132,108.063,7.916,3012892,10,200
"141",133,123.02,6.823,2659404,10,200
"142",134,121.199,9.061,3113478,10,200
"143",135,114.307,8.311,3671936,10,200
"144",136,115.658,8.721,3561945,10,200
"145",137,127.546,8.482,1471169,10,200
"146",138,123.324,8.809,2122569,10,200
"147",140,118.719,7.974,1921779,10,200
"148",141,108.865,7.757,4424048,10,200
"149",142,119.181,7.454,4437881,10,200
"150",143,135.307,9.324,1726920,10,200
"151",144,124.915,9.174,1991440,10,200
"152",145,128.563,8.674,4703373,10,200
"153",146,123.319,8.924,3270848,10,200
"154",147,107.533,8.454,2285133,10,200
"155",149,120.758,7.933,3707898,10,200
"156",150,124.645,8.755,2823392,10,200
"157",151,124.075,8.48,3572191,10,200
"158",152,126.728,7.737,21865482,10,200
"159",68,121.836,8.061,1962980,20,200
"160",69,125.375,8.535,1264672,20,200
"161",70,126.284,8.442,2573188,20,200
"162",71,124.19,8.321,980266,20,200
"163",72,123.055,8.426,1595119,20,200
"164",73,116.876,8.23,1658096,20,200
"165",74,119.925,7.61,3036619,20,200
"166",75,124.246,8.756,2212935,20,200
"167",76,120.834,7.907,3434712,20,200
"168",77,123.819,8.354,3470986,20,200
"169",78,122.23,8.205,2440076,20,200
"170",79,124.148,9.162,2693780,20,200
"171",80,125.695,8.426,1723461,20,200
"172",81,121.568,7.745,3356341,20,200
"173",83,115.725,7.833,1773496,20,200
"174",84,118.513,8.122,2680108,20,200
"175",85,122.108,9.348,2449411,20,200
"176",87,113.969,8.491,3111796,20,200
"177",88,121.837,7.998,3393808,20,200
"178",89,121.442,7.092,4169563,20,200
"179",90,122.902,8.695,2392870,20,200
"180",91,126.249,8.521,2690215,20,200
"181",92,129.275,9.276,2485036,20,200
"182",93,126.261,8.627,2555650,20,200
"183",94,132.087,8.741,3406603,20,200
"184",95,114.65,8.519,1587817,20,200
"185",96,123.061,8.208,2527644,20,200
"186",97,118.267,7.56,3606286,20,200
"187",98,123.908,8.957,3240226,20,200
"188",99,127.798,9.461,2671749,20,200
"189",100,124.733,9.325,1954783,20,200
"190",101,128.605,8.895,2415842,20,200
"191",102,114.098,7.029,1413831,20,200
"192",103,124.261,7.918,2645773,20,200
"193",104,124.465,9.182,2420685,20,200
"194",105,123.927,8.988,2865748,20,200
"195",106,122.559,8.768,2372572,20,200
"196",107,126.217,8.859,2428888,20,200
"197",108,123.418,8.673,3691611,20,200
"198",109,129.187,8.871,2850418,20,200
"199",110,117.217,8.978,781427,20,200
"200",111,117.044,7.76,2050974,20,200
"201",112,108.822,7.39,3216980,20,200
"202",113,123.137,8.63,2752950,20,200
"203",114,122.157,9.383,2426311,20,200
"204",115,123.301,8.815,2503122,20,200
"205",116,117.084,6.054,873718,20,200
"206",117,120.972,8.901,2184829,20,200
"207",118,123.755,9.14,1854822,20,200
"208",119,120.114,8.326,1409647,20,200
"209",120,129.672,9.519,1641405,20,200
"210",121,124.854,8.795,4398576,20,200
"211",122,122.788,9.325,1438333,20,200
"212",123,123.802,8.797,3985706,20,200
"213",124,127.528,8.311,1302544,20,200
"214",126,122.439,8.328,2952128,20,200
"215",127,114.082,8.057,4234524,20,200
"216",128,121.003,7.357,4939043,20,200
"217",129,128.555,8.649,3371504,20,200
"218",131,116.077,8.243,2542150,20,200
"219",132,108.075,7.921,2962524,20,200
"220",133,123.02,6.823,2223732,20,200
"221",134,121.181,9.051,2162594,20,200
"222",135,114.298,8.314,2770413,20,200
"223",136,115.66,8.721,2534817,20,200
"224",137,127.533,8.486,1415183,20,200
"225",138,123.324,8.809,2203538,20,200
"226",140,118.754,7.97,1135186,20,200
"227",141,108.885,7.76,4382556,20,200
"228",142,119.186,7.456,4281306,20,200
"229",143,135.307,9.324,1209161,20,200
"230",144,124.905,9.184,1924095,20,200
"231",145,128.563,8.674,4522613,20,200
"232",146,123.33,8.925,2968170,20,200
"233",147,107.536,8.461,2135180,20,200
"234",149,120.816,7.925,3835738,20,200
"235",150,124.678,8.755,2890769,20,200
"236",151,124.075,8.48,3497956,20,200
"237",152,126.728,7.737,21628152,20,200
"238",68,121.769,8.07,1183993,50,200
"239",69,125.421,8.536,1109659,50,200
"240",70,126.305,8.435,2211628,50,200
"241",71,124.19,8.321,808214,50,200
"242",72,122.993,8.426,1205250,50,200
"243",73,116.927,8.23,1348645,50,200
"244",74,119.908,7.61,3073466,50,200
"245",75,124.246,8.756,1676931,50,200
"246",76,120.834,7.907,2777053,50,200
"247",77,123.819,8.354,3301521,50,200
"248",78,122.179,8.206,1752298,50,200
"249",79,124.084,9.157,2094790,50,200
"250",80,125.654,8.427,1547313,50,200
"251",81,121.598,7.749,3278909,50,200
"252",83,115.706,7.833,1472980,50,200
"253",84,118.513,8.122,1376094,50,200
"254",85,122.108,9.348,1935120,50,200
"255",87,113.908,8.488,2651972,50,200
"256",88,121.852,7.993,2909350,50,200
"257",89,121.42,7.093,4031148,50,200
"258",90,122.902,8.695,1241200,50,200
"259",91,126.222,8.523,1299644,50,200
"260",92,129.237,9.279,1095604,50,200
"261",93,126.25,8.63,1002211,50,200
"262",94,132.011,8.749,3103075,50,200
"263",95,114.749,8.522,739958,50,200
"264",96,123.112,8.206,1292182,50,200
"265",97,118.322,7.562,1930028,50,200
"266",98,123.908,8.957,2441297,50,200
"267",99,127.798,9.461,1387437,50,200
"268",100,124.802,9.33,1264608,50,200
"269",101,128.623,8.901,1846076,50,200
"270",102,114.103,7.02,1204656,50,200
"271",103,124.261,7.918,2765922,50,200
"272",104,124.495,9.181,2482489,50,200
"273",105,123.927,8.988,2942345,50,200
"274",106,122.559,8.768,2264719,50,200
"275",107,126.217,8.859,2363447,50,200
"276",108,123.418,8.673,3264449,50,200
"277",109,129.203,8.864,2552700,50,200
"278",110,117.266,8.976,1070259,50,200
"279",111,117.033,7.759,2074261,50,200
"280",112,108.807,7.392,3309392,50,200
"281",113,123.137,8.63,1947107,50,200
"282",114,122.157,9.383,2096235,50,200
"283",115,123.301,8.815,1804581,50,200
"284",116,117.084,6.054,431533,50,200
"285",117,120.954,8.9,2314792,50,200
"286",118,123.768,9.139,1753626,50,200
"287",119,120.035,8.326,1005284,50,200
"288",120,129.555,9.528,1146358,50,200
"289",121,124.854,8.795,4225394,50,200
"290",122,122.738,9.315,973229,50,200
"291",123,123.802,8.797,3916198,50,200
"292",124,127.538,8.316,872616,50,200
"293",126,122.439,8.328,3036885,50,200
"294",127,114.099,8.053,4177680,50,200
"295",128,120.994,7.351,3905297,50,200
"296",129,128.555,8.649,2411667,50,200
"297",131,116.062,8.238,1548814,50,200
"298",132,108.102,7.915,1990824,50,200
"299",133,123.121,6.831,1674073,50,200
"300",134,121.109,9.049,1375212,50,200
"301",135,114.264,8.317,1195824,50,200
"302",136,115.741,8.717,1026971,50,200
"303",137,127.559,8.487,514685,50,200
"304",138,123.324,8.809,1544069,50,200
"305",140,118.698,7.961,1714318,50,200
"306",141,108.928,7.76,3610023,50,200
"307",142,119.171,7.457,3943986,50,200
"308",143,135.414,9.332,1290337,50,200
"309",144,124.839,9.184,1528286,50,200
"310",145,128.563,8.674,3450435,50,200
"311",146,123.33,8.925,2579626,50,200
"312",147,107.49,8.472,1275157,50,200
"313",149,120.816,7.925,3403001,50,200
"314",150,124.678,8.755,2332376,50,200
"315",151,124.068,8.48,3779269,50,200
"316",152,126.722,7.738,21047760,50,200
"317",68,121.918,8.087,575582,100,200
"318",69,125.409,8.531,864796,100,200
"319",70,126.152,8.418,1253402,100,200
"320",71,124.049,8.303,1217376,100,200
"321",72,122.941,8.401,874174,100,200
"322",73,117.017,8.229,1014268,100,200
"323",74,119.891,7.62,2094867,100,200
"324",75,124.246,8.756,1042736,100,200
"325",76,120.784,7.915,2079338,100,200
"326",77,123.791,8.354,2848275,100,200
"327",78,122.075,8.197,1183343,100,200
"328",79,124.084,9.157,1421918,100,200
"329",80,125.454,8.419,1206424,100,200
"330",81,121.656,7.751,2658350,100,200
"331",83,115.704,7.82,1065700,100,200
"332",84,118.525,8.141,1215997,100,200
"333",85,122.042,9.346,1048693,100,200
"334",87,113.852,8.474,2190264,100,200
"335",88,121.852,7.993,2411401,100,200
"336",89,121.345,7.094,3167500,100,200
"337",90,123.155,8.678,2016082,100,200
"338",91,126.318,8.567,524829,100,200
"339",92,129.367,9.259,181288,100,200
"340",93,126.15,8.638,584231,100,200
"341",94,131.838,8.75,1836631,100,200
"342",95,114.775,8.548,110336,100,200
"343",96,123.112,8.206,164876,100,200
"344",97,118.482,7.568,761601,100,200
"345",98,124.074,8.964,2036078,100,200
"346",99,127.839,9.457,857203,100,200
"347",100,125.018,9.37,545232,100,200
"348",101,128.763,8.922,1157804,100,200
"349",102,114.017,7.012,842615,100,200
"350",103,124.261,7.918,2296827,100,200
"351",104,124.495,9.181,1782071,100,200
"352",105,123.927,8.988,2325516,100,200
"353",106,122.559,8.768,2125092,100,200
"354",107,126.217,8.859,1770272,100,200
"355",108,123.528,8.68,3151158,100,200
"356",109,129.223,8.858,1866541,100,200
"357",110,117.266,8.976,787820,100,200
"358",111,117.084,7.765,1506295,100,200
"359",112,108.794,7.391,2827878,100,200
"360",113,123.12,8.593,801488,100,200
"361",114,122.107,9.388,1586814,100,200
"362",115,123.268,8.842,1689068,100,200
"363",116,117.084,6.054,399872,100,200
"364",117,120.954,8.9,1988770,100,200
"365",118,123.768,9.139,1346993,100,200
"366",119,119.919,8.333,775915,100,200
"367",120,129.449,9.512,765136,100,200
"368",121,124.854,8.795,3325644,100,200
"369",122,122.738,9.315,439072,100,200
"370",123,123.802,8.797,3408639,100,200
"371",124,127.614,8.28,410448,100,200
"372",126,122.419,8.326,2972974,100,200
"373",127,114.102,8.049,3161629,100,200
"374",128,120.972,7.335,3071450,100,200
"375",129,128.522,8.664,1884108,100,200
"376",131,115.846,8.242,530450,100,200
"377",132,108.166,7.935,1422203,100,200
"378",133,123.223,6.843,1069578,100,200
"379",134,120.877,9.019,542160,100,200
"380",135,114.322,8.336,463768,100,200
"381",136,115.741,8.717,-44315,100,200
"382",137,127.567,8.464,209796,100,200
"383",138,123.324,8.822,1519950,100,200
"384",140,118.65,7.938,1184638,100,200
"385",141,108.993,7.77,2451538,100,200
"386",142,119.193,7.458,3449556,100,200
"387",143,135.53,9.365,578137,100,200
"388",144,124.839,9.184,299172,100,200
"389",145,128.546,8.692,2685310,100,200
"390",146,123.33,8.925,1445609,100,200
"391",147,107.473,8.444,756909,100,200
"392",149,120.799,7.96,1861002,100,200
"393",150,124.678,8.755,1964885,100,200
"394",151,124.068,8.48,3677821,100,200
"395",152,126.722,7.738,19913786,100,200
"396",68,122.034,8.127,450086,150,200
"397",69,125.499,8.544,838052,150,200
"398",70,126.188,8.41,1017537,150,200
"399",71,124.157,8.299,912960,150,200
"400",72,122.949,8.394,676434,150,200
"401",73,117.123,8.232,772995,150,200
"402",74,119.88,7.622,1703874,150,200
"403",75,124.246,8.756,658560,150,200
"404",76,120.784,7.915,1390700,150,200
"405",77,123.819,8.354,3056562,150,200
"406",78,122.075,8.197,759465,150,200
"407",79,123.887,9.162,915257,150,200
"408",80,125.358,8.42,1107602,150,200
"409",81,121.697,7.754,2352904,150,200
"410",83,115.656,7.812,1139362,150,200
"411",84,118.592,8.169,905274,150,200
"412",85,122.058,9.361,801269,150,200
"413",87,113.778,8.467,2220332,150,200
"414",88,121.852,7.993,2218189,150,200
"415",89,121.279,7.097,2843940,150,200
"416",90,123.139,8.693,1387551,150,200
"417",91,125.97,8.566,418210,150,200
"418",92,129.367,9.259,179361,150,200
"419",93,126.15,8.638,-28149,150,200
"420",94,131.744,8.749,2050326,150,200
"421",95,114.775,8.548,58611,150,200
"422",96,123.112,8.206,-41802,150,200
"423",97,118.57,7.59,529809,150,200
"424",98,124.356,8.956,1411674,150,200
"425",99,127.916,9.517,457443,150,200
"426",100,125.004,9.348,504999,150,200
"427",101,128.701,8.961,1161508,150,200
"428",102,114.017,7.012,506925,150,200
"429",103,124.304,7.925,1875010,150,200
"430",104,124.495,9.181,1587469,150,200
"431",105,123.927,8.988,2234215,150,200
"432",106,122.559,8.768,1998665,150,200
"433",107,126.145,8.849,1605082,150,200
"434",108,123.561,8.685,2711754,150,200
"435",109,129.242,8.853,1575435,150,200
"436",110,117.266,8.976,632676,150,200
"437",111,117.086,7.768,1793015,150,200
"438",112,108.781,7.388,2337844,150,200
"439",113,123.12,8.593,257513,150,200
"440",114,122.157,9.383,865333,150,200
"441",115,123.277,8.851,1570380,150,200
"442",116,117.084,6.054,295316,150,200
"443",117,120.979,8.9,1481659,150,200
"444",118,123.55,9.122,1418604,150,200
"445",119,119.919,8.333,231027,150,200
"446",120,129.24,9.551,586760,150,200
"447",121,124.802,8.79,3345616,150,200
"448",122,122.091,9.312,883000,150,200
"449",123,123.802,8.797,3022548,150,200
"450",124,127.614,8.28,99464,150,200
"451",126,122.419,8.326,3048382,150,200
"452",127,114.128,8.044,2867774,150,200
"453",128,120.924,7.327,2617938,150,200
"454",129,128.994,8.664,1233858,150,200
"455",131,115.846,8.242,151660,150,200
"456",132,108.319,7.937,1579367,150,200
"457",133,123.291,6.876,965918,150,200
"458",134,121.109,9.049,154811,150,200
"459",135,114.322,8.336,-72213,150,200
"460",136,115.741,8.717,-34272,150,200
"461",137,127.567,8.464,-249164,150,200
"462",138,123.277,8.851,1570380,150,200
"463",140,118.622,7.933,1491220,150,200
"464",141,109.051,7.787,2200062,150,200
"465",142,119.186,7.456,3311311,150,200
"466",143,135.61,9.364,234746,150,200
"467",144,124.839,9.184,288092,150,200
"468",145,128.567,8.688,2466448,150,200
"469",146,123.438,8.945,1119746,150,200
"470",147,107.512,8.497,465500,150,200
"471",149,120.799,7.96,1449554,150,200
"472",150,124.678,8.755,1784629,150,200
"473",151,124.068,8.48,3718886,150,200
"474",152,126.722,7.738,19047918,150,200
"475",68,122.051,8.149,965970,200,200
"476",69,125.333,8.524,735394,200,200
"477",70,126.216,8.418,1202069,200,200
"478",71,124.072,8.28,1113815,200,200
"479",72,123.037,8.485,776441,200,200
"480",73,117,8.232,770474,200,200
"481",74,119.863,7.632,1749406,200,200
"482",75,124.246,8.756,468252,200,200
"483",76,120.784,7.915,993219,200,200
"484",77,123.792,8.351,2864172,200,200
"485",78,121.964,8.184,667138,200,200
"486",79,123.935,9.139,660999,200,200
"487",80,125.282,8.424,1134503,200,200
"488",81,121.757,7.755,2397637,200,200
"489",83,115.67,7.823,1114503,200,200
"490",84,118.632,8.232,726880,200,200
"491",85,121.892,9.358,760715,200,200
"492",87,113.725,8.459,2175594,200,200
"493",88,121.939,7.988,2230796,200,200
"494",89,121.217,7.101,2968625,200,200
"495",90,123.12,8.73,1241524,200,200
"496",91,125.97,8.566,161947,200,200
"497",92,129.367,9.259,104945,200,200
"498",93,126.15,8.638,131192,200,200
"499",94,131.643,8.754,2346137,200,200
"500",95,114.718,8.552,47514,200,200
"501",96,123.209,8.217,-372764,200,200
"502",97,118.952,7.673,707353,200,200
"503",98,124.398,8.965,1365136,200,200
"504",99,127.949,9.573,472415,200,200
"505",100,125.253,9.38,731871,200,200
"506",101,128.719,8.975,897947,200,200
"507",102,114.017,7.012,300932,200,200
"508",103,124.333,7.931,1941636,200,200
"509",104,124.511,9.156,1474858,200,200
"510",105,123.885,8.999,1964321,200,200
"511",106,122.559,8.768,1705320,200,200
"512",107,126.136,8.858,1765995,200,200
"513",108,123.607,8.683,2878929,200,200
"514",109,129.237,8.85,1726485,200,200
"515",110,117.408,8.996,663437,200,200
"516",111,117.078,7.772,1534205,200,200
"517",112,108.739,7.389,2241178,200,200
"518",113,123.004,8.576,503107,200,200
"519",114,122.057,9.378,1450154,200,200
"520",115,123.335,8.85,1353182,200,200
"521",116,117.15,6.008,493760,200,200
"522",117,120.979,8.9,1332669,200,200
"523",118,123.583,9.122,891698,200,200
"524",119,119.739,8.324,550541,200,200
"525",120,129.24,9.551,689830,200,200
"526",121,124.8,8.791,3431894,200,200
"527",122,121.859,9.302,1087980,200,200
"528",123,123.787,8.802,2950599,200,200
"529",124,127.614,8.28,130316,200,200
"530",126,122.438,8.331,2853590,200,200
"531",127,114.13,8.039,2526591,200,200
"532",128,120.94,7.321,2507541,200,200
"533",129,129.073,8.679,1145712,200,200
"534",131,115.924,8.261,-388451,200,200
"535",132,108.412,7.943,1474289,200,200
"536",133,123.351,6.884,1028256,200,200
"537",134,120.279,8.999,481348,200,200
"538",135,114.444,8.335,329963,200,200
"539",136,115.741,8.717,106779,200,200
"540",137,127.567,8.464,-210073,200,200
"541",138,123.335,8.85,1353182,200,200
"542",140,118.566,7.925,1246906,200,200
"543",141,109.081,7.789,2013024,200,200
"544",142,119.2,7.455,3335181,200,200
"545",143,135.71,9.414,664682,200,200
"546",144,124.511,9.156,1474858,200,200
"547",145,128.595,8.701,2275241,200,200
"548",146,123.461,8.997,923652,200,200
"549",147,107.512,8.497,371143,200,200
"550",149,120.799,7.96,1062128,200,200
"551",150,125.292,8.765,712185,200,200
"552",151,124.064,8.481,3844031,200,200
"553",152,126.691,7.737,18793504,200,200
"554",68,122.176,8.168,1114693,300,200
"555",69,125.261,8.512,515044,300,200
"556",70,126.171,8.414,871865,300,200
"557",71,124.019,8.274,1243966,300,200
"558",72,123.126,8.493,806854,300,200
"559",73,117,8.232,536277,300,200
"560",74,119.824,7.641,1593544,300,200
"561",75,124.766,8.78,2760983,300,200
"562",76,120.784,7.925,1039559,300,200
"563",77,123.784,8.348,2683488,300,200
"564",78,121.122,8.202,734005,300,200
"565",79,123.135,9.164,909874,300,200
"566",80,125.159,8.418,1530484,300,200
"567",81,121.802,7.759,2237815,300,200
"568",83,115.728,7.806,861294,300,200
"569",84,118.632,8.232,925744,300,200
"570",85,121.677,9.301,1058078,300,200
"571",87,113.725,8.459,1919397,300,200
"572",88,121.971,7.985,1881394,300,200
"573",89,121.144,7.103,2923524,300,200
"574",90,123.085,8.734,1446319,300,200
"575",91,125.97,8.566,2894,300,200
"576",92,127.498,9.131,709538,300,200
"577",93,126.15,8.638,46363,300,200
"578",94,131.488,8.756,2624756,300,200
"579",95,114.718,8.552,83265,300,200
"580",96,123.209,8.217,-8561,300,200
"581",97,119.173,7.635,905552,300,200
"582",98,124.519,8.969,2031441,300,200
"583",99,127.982,9.603,528584,300,200
"584",100,125.409,9.405,704883,300,200
"585",101,128.811,8.98,1365770,300,200
"586",102,114.017,7.012,96711,300,200
"587",103,124.331,7.938,1818456,300,200
"588",104,124.587,9.147,1641391,300,200
"589",105,123.878,8.995,1572350,300,200
"590",106,122.481,8.759,1505400,300,200
"591",107,126.093,8.859,1501379,300,200
"592",108,123.645,8.689,2930242,300,200
"593",109,129.241,8.841,1557643,300,200
"594",110,117.345,8.992,603570,300,200
"595",111,117.071,7.772,1322038,300,200
"596",112,108.743,7.393,1914319,300,200
"597",113,123.004,8.576,237058,300,200
"598",114,122.023,9.385,1075978,300,200
"599",115,123.276,8.865,1041003,300,200
"600",116,117.15,6.008,190975,300,200
"601",117,120.991,8.901,1162717,300,200
"602",118,123.414,9.063,1170660,300,200
"603",119,119.341,8.341,766183,300,200
"604",120,128.961,9.552,778299,300,200
"605",121,124.766,8.78,2760983,300,200
"606",122,121.506,9.258,1246639,300,200
"607",123,123.793,8.803,2533694,300,200
"608",124,127.614,8.28,74685,300,200
"609",126,122.453,8.333,2924672,300,200
"610",127,114.154,8.032,1793263,300,200
"611",128,120.913,7.303,2151794,300,200
"612",129,129.195,8.681,1348840,300,200
"613",131,115.924,8.261,-90484,300,200
"614",132,108.501,7.948,1696825,300,200
"615",133,123.437,6.894,1095315,300,200
"616",134,119.37,9.005,818334,300,200
"617",135,114.444,8.335,-105025,300,200
"618",136,115.741,8.717,8939,300,200
"619",137,127.567,8.464,30802,300,200
"620",138,123.276,8.865,1041003,300,200
"621",140,118.596,7.905,1827676,300,200
"622",141,109.145,7.804,2187282,300,200
"623",142,119.198,7.46,2605068,300,200
"624",143,135.873,9.461,1031676,300,200
"625",144,124.587,9.147,1641391,300,200
"626",145,128.571,8.708,1926261,300,200
"627",146,123.466,9.004,992897,300,200
"628",147,107.421,8.488,580066,300,200
"629",149,120.799,7.96,1179417,300,200
"630",150,125.099,8.764,992856,300,200
"631",151,124.068,8.48,4115672,300,200
"632",152,126.691,7.737,17990694,300,200
"633",68,122.211,8.18,1288854,400,200
"634",69,125.129,8.42,1402845,400,200
"635",70,126.153,8.405,874263,400,200
"636",71,124,8.269,1033125,400,200
"637",72,123.005,8.475,981687,400,200
"638",73,117.315,8.232,439495,400,200
"639",74,119.841,7.638,1324134,400,200
"640",75,124.766,8.78,2358210,400,200
"641",76,121.292,7.985,96526,400,200
"642",77,123.758,8.348,2445690,400,200
"643",78,121.14,8.203,709160,400,200
"644",79,123.079,9.155,1303196,400,200
"645",80,125.129,8.42,1402845,400,200
"646",81,121.802,7.759,2213972,400,200
"647",83,115.692,7.808,982953,400,200
"648",84,118.712,8.233,1099780,400,200
"649",85,121.677,9.301,1084218,400,200
"650",87,113.646,8.447,2579572,400,200
"651",88,121.959,7.984,1530253,400,200
"652",89,121.122,7.102,2661880,400,200
"653",90,123.079,8.74,1445947,400,200
"654",91,126.014,8.576,53751,400,200
"655",92,127.415,9.132,673529,400,200
"656",93,125.849,8.707,349440,400,200
"657",94,131.442,8.753,2915848,400,200
"658",95,114.737,8.556,-59032,400,200
"659",96,123.209,8.217,-174546,400,200
"660",97,119.252,7.666,841482,400,200
"661",98,124.519,8.969,2039962,400,200
"662",99,127.943,9.592,665387,400,200
"663",100,125.54,9.407,701467,400,200
"664",101,128.836,8.99,1476623,400,200
"665",102,113.974,6.95,430068,400,200
"666",103,124.331,7.938,1697006,400,200
"667",104,124.551,9.146,1130503,400,200
"668",105,123.902,9.004,1627020,400,200
"669",106,122.517,8.758,1543025,400,200
"670",107,126.093,8.859,1291688,400,200
"671",108,123.656,8.692,3474063,400,200
"672",109,129.261,8.84,1614012,400,200
"673",110,117.253,8.993,550270,400,200
"674",111,117.083,7.777,1199327,400,200
"675",112,108.756,7.387,1770563,400,200
"676",113,123.004,8.576,-75547,400,200
"677",114,122.023,9.385,962619,400,200
"678",115,123.275,8.868,845893,400,200
"679",116,117.15,6.008,257250,400,200
"680",117,121.041,8.904,943225,400,200
"681",118,123.373,9.079,1147798,400,200
"682",119,119.284,8.344,726102,400,200
"683",120,128.986,9.555,841817,400,200
"684",121,124.766,8.78,2358210,400,200
"685",122,121.506,9.258,995889,400,200
"686",123,123.78,8.804,2407517,400,200
"687",124,127.614,8.28,-51220,400,200
"688",126,122.438,8.334,2624906,400,200
"689",127,114.154,8.035,1745482,400,200
"690",128,120.905,7.304,1931626,400,200
"691",129,129.263,8.682,1249231,400,200
"692",131,115.924,8.261,-206723,400,200
"693",132,108.536,7.948,1753139,400,200
"694",133,123.498,6.91,1057702,400,200
"695",134,119.399,9.009,933199,400,200
"696",135,114.444,8.335,-336576,400,200
"697",136,116.957,8.78,476639,400,200
"698",137,127.561,8.458,-178880,400,200
"699",138,123.275,8.868,845893,400,200
"700",140,118.584,7.907,1723897,400,200
"701",141,109.145,7.807,2145292,400,200
"702",142,119.198,7.46,2478512,400,200
"703",143,135.845,9.471,1073162,400,200
"704",144,124.551,9.146,1130503,400,200
"705",145,128.617,8.71,2008749,400,200
"706",146,123.456,9.024,1161121,400,200
"707",147,107.354,8.517,400081,400,200
"708",149,120.809,7.952,885487,400,200
"709",150,125.099,8.764,730031,400,200
"710",151,124.05,8.482,3678662,400,200
"711",152,126.691,7.737,17692216,400,200
